,idd,pr1,f1,f2,f3,pw1,re,x1,x2,x1r,x2r,a1,time,TF
215,C2,0.0643,100,100,55,100,4.06,85,10,58.2,20.7,124.6,1088,255
302,C2,0.0644,100,100,55,100,3.396,75,15,59.9,20.4,125.6,875,255
487,C2,0.0641,100,100,55,100,5.204,55,25,66.8,20.2,123.4,1092,255
579,C2,0.0646,100,100,55,100,7.22,45,30,48.6,21.1,129.2,1205,255
671,C2,0.0647,100,100,55,100,2.724,35,35,71.8,19.8,123.2,1200,255
759,C2,0.0638,100,100,55,100,2.776,25,40,54.9,21.3,123.6,884,255
851,C2,0.0645,100,100,55,100,4.624,35,35,53.7,20.8,126.6,988,255
945,C2,0.0647,100,100,55,100,6.392,45,30,56.5,20.9,123.6,1200,255
1035,C2,0.0648,100.3,100.3,55,100,4.028,55,25,66.9,20.2,125.2,1090,255.6
1218,C2,0.0646,100,100,55,100,2.828,75,15,74.4,19.6,131.39,981,255
1310,C2,0.0646,100,100,55,100,4.272,85,10,50.3,21.3,131.39,1204,255
1403,C2,0.0571,100,90,55,200,6.78,85,10,54.9,21.2,127,1309,245
1490,C2,0.0555,100,90,55,200,8.316,75,15,58,21.1,123.2,765,245
1674,C2,0.0553,100,90,55,200,4.272,55,25,54.3,21.2,123.8,985,245
1768,C2,0.0556,100,90,55,200,6.728,45,30,57.8,21.1,123.2,1196,245
1857,C2,0.0557,100,90,55,200,4.116,35,35,57.7,21,126.2,877,245
1950,C2,0.0557,100,90,55,200,4.716,25,40,65.6,20.6,124.8,1095,245
2040,C2,0.0553,100,90,55,200,8.484,35,35,57.3,21.1,123.4,980,245
2133,C2,0.0556,100,90,55,200,11.084,45,30,68.8,20.4,123.2,1094,245
2223,C2,0.0557,100,90,55,200,5.728,55,25,46.3,22.3,123.4,876,245
2306,C2,0.0548,100,90,55,200,23.116,65,20,66.5,20.3,0,110,245
2404,C2,0.0554,100,90,55,200,8.428,75,15,53.5,21.3,127,786,245
2500,C2,0.0554,100,70,55,200,11.976,85,10,65,21.1,127.8,1215,225
2592,C2,0.0428,100,70,55,300,13.504,85,10,69.3,21.4,123.2,1313,225
2680,C2,0.0422,100,70,55,300,11.316,75,15,54.3,22.1,254,988,225
2765,C2,0.0423,100,70,55,300,50.092,65,20,65.7,21.3,127.8,233,225
2860,C2,0.0424,100,70,55,300,7.376,55,25,48.4,22.5,202.4,536,225
2953,C2,0.0424,100.1,70.1,55,300,69.264,45,30,42.3,24.3,124.8,762,225.2
3046,C2,0.0424,100,70,55,300,17.252,35,35,53.1,23.1,207.8,878,225
3137,C2,0.0425,100,70,55,300,12.736,25,40,55.5,22.8,223.8,984,225
3228,C2,0.0425,100,70,55,300,7.532,35,35,60.2,21.8,128,880,225
3318,C2,0.0421,100,70,55,300,68.464,45,30,37.7,24.8,123.4,768,225
3408,C2,0.0423,100,70,55,300,9.088,55,25,49,22.7,251,546,225
3496,C2,0.0423,100,70,55,300,79.86,65,20,64.9,20,126,219,225
3596,C2,0.0425,100,70,55,300,20.052,75,15,63,22,305.2,1091,225
3690,C2,0.0419,100,70,55,300,9.86,85,10,59,21.9,353.4,1419,225
3781,C2,0.0382,100,60,55,400,26.836,85,10,56.9,22.8,239.2,1313,215
3870,C2,0.0375,100,60,55,400,19.64,75,15,69,22.1,430.6,1092,215
3955,C2,0.0374,100,60,55,400,11.804,65,20,61.1,21.6,503.4,436,215
4048,C2,0.0367,100,60,55,400,18.592,55,25,70.5,21.9,492.2,658,215
4142,C2,0.0374,100,60,55,400,9.088,45,30,67.7,22,395,872,215
4235,C2,0.0376,100,60,55,400,10.032,35,35,74.5,21.6,514,1095,215
4324,C2,0.0375,100,60,55,400,72.352,25,40,43,24.5,416.8,775,215
4418,C2,0.0369,100,60,55,400,10.488,35,35,73.8,21.8,522.2,1092,215
4507,C2,0.0374,100,60,55,400,76.648,45,30,50.9,24,377.2,781,215
4597,C2,0.0374,100,60,55,400,18.592,55,25,58.1,22.6,517.2,543,215
4688,C2,0.0374,100,60,55,400,26.736,65,20,66.1,22,485.6,542,215
4785,C2,0.0368,100,60,55,400,15.2,75,15,57.1,22.8,525.4,1205,215
4877,C2,0.0374,100,60,55,400,15.412,85,10,63.4,22.2,307.79,1313,215
4970,C2,0.0334,100,50,55,100,5.168,85,10,60,22.2,131.39,1307,205
5058,C2,0.0329,100,50,55,100,6.68,75,15,70.3,21.6,128,1096,205
5143,C2,0.0328,100.1,50,55,100,3.104,65,20,63.8,20.4,124.8,329,205.1
5237,C2,0.0328,100,50,55,100,3.396,55,25,60.9,22.2,130.8,657,205
5332,C2,0.0329,100,50,55,100,3.764,45,30,58,22.8,124.6,984,205
5425,C2,0.0329,100,50,55,100,4.988,35,35,68.2,21.8,126,1097,205
5514,C2,0.0329,100,50,55,100,4.392,25,40,73.2,21.7,123.2,986,205
5607,C2,0.0328,100,50,55,100,2.828,35,35,73.2,21.7,128.39,1092,205
5697,C2,0.0329,100,50,55,100,4.304,45,30,50.2,23.9,129.8,879,205
5786,C2,0.0329,100,50,55,100,5.364,55,25,59.1,22.3,127.4,654,205
5875,C2,0.0329,100,50,55,100,3.62,65,20,61.9,21.1,129.6,333,205
5972,C2,0.0324,100,50,55,100,7.952,75,15,66.7,22.2,128,1091,205
6067,C2,0.0329,100,50,55,100,2.952,85,10,57.3,22.8,126.6,1424,205
6159,C2,0.0292,100,40,55,200,12.984,85,10,60.3,22.8,380,1421,195
6248,C2,0.0288,100,40,55,200,12.284,75,15,60.2,22.8,388,1092,195
6333,C2,0.0288,100,40,55,200,5.284,65,20,65.4,22.6,156.8,545,195
6426,C2,0.0287,100,40,55,200,7.176,55,25,67.4,22.5,390.2,655,195
6520,C2,0.0288,100,40,55,200,14.092,45,30,65.9,22.5,391.6,987,195
6612,C2,0.0288,100,40,55,200,9.416,35,35,55.5,24.1,268.4,988,195
6702,C2,0.0288,100,40,55,200,6.78,25,40,73.6,22.3,287.6,869,195
6795,C2,0.0283,100,40,55,200,5.1,35,35,77.1,22.1,403,1096,195
6886,C2,0.0288,100,40,55,200,12.352,45,30,57,23.5,388.4,984,195
6975,C2,0.0288,100,40,55,200,10.728,55,25,63.8,22.5,398.4,650,195
7066,C2,0.0288,100,40,55,200,7.024,65,20,66.7,22.5,402.6,542,195
7161,C2,0.0288,100,40,55,200,10.956,75,15,64.8,22.7,377.8,1096,195
7255,C2,0.0287,100,40,55,200,20.052,85,10,57.5,23,385.6,1444,195
7348,C2,0.0254,100,30,55,300,35.088,85,10,51.5,24.2,530,1531,185
7435,C2,0.0251,100,30,55,300,10.092,75,15,43.6,25.8,455.6,1098,185
7524,C2,0.0251,100,30,55,300,0,65,20,67.9,22.7,562.8,767,185
7614,C2,0.0251,100,30,55,300,0,55,25,62.5,23.2,563.4,655,185
7708,C2,0.0249,100,30,55,300,20.224,45,30,51.7,24.7,517.8,889,185
7801,C2,0.0252,100,30,55,300,6.972,35,35,65.5,23,566.2,1097,185
7891,C2,0.0251,100,30,55,300,10.956,25,40,59.5,24,531.8,989,185
7984,C2,0.0252,100,30,55,300,8.856,35,35,62.5,23.1,559.2,1092,185
8074,C2,0.0251,100,30,55,300,19.724,45,30,68.9,22.9,479.4,867,185
8161,C2,0.0248,100,30,55,300,20.052,55,25,63.8,23.1,504.4,435,185
8255,C2,0.0251,100,30,55,300,6.036,65,20,68.3,22.8,544.4,656,185
8351,C2,0.0251,100,30,55,300,11.672,75,15,57.3,23.8,556.4,1199,185
8444,C2,0.0252,100,30,55,300,32.86,85,10,51.1,24.3,533.4,1432,185
8537,C2,0.0221,100,20,55,400,11.316,85,10,55.4,24.7,657.6,1640,175
8625,C2,0.0215,100,20,55,400,29.732,75,15,72.6,23.2,590,1290,175
8713,C2,0.0218,100,20,55,400,8.484,65,20,79,22.7,733.6,766,175
8804,C2,0.0219,100,20,55,400,50.204,55,25,54.1,24.2,552.4,763,175
8897,C2,0.0219,100,20,55,400,25.808,45,30,76.8,22.9,638.2,873,175
8990,C2,0.0219,100,20,55,400,11.02,35,35,76.7,22.8,722.6,1097,175
9080,C2,0.0219,100.2,20.1,55,400,10.904,25,40,58.4,24.5,649.4,869,175.3
9172,C2,0.0219,100,20,55,400,9.032,35,35,60.1,23.7,721,1099,175
9262,C2,0.0219,100,20,55,400,17.252,45,30,73.9,23.1,626,886,175
9349,C2,0.0218,100,20,55,400,18.276,55,25,69.6,23.2,651.4,430,175
9444,C2,0.0219,100,20,55,400,10.728,65,20,63.5,23.8,743.6,757,175
9540,C2,0.0219,100,20,55,400,28.356,75,15,76.2,22.8,645,1314,175
9634,C2,0.0215,100,20,55,400,9.088,85,10,69.5,23.2,643.59,1615,175
9733,C2,0.0192,100,10,55,100,0,85,10,68,23,359.2,2406,165
9823,C2,0.0191,100,10,55,100,0,75,15,78.5,22.4,353.2,2305,165
9907,C2,0.0191,100,10,55,100,2.432,65,20,69.5,22.9,273.4,1402,165
9992,C2,0.0191,100,10,55,100,3.484,55,25,78.1,22.6,328.6,758,165
10085,C2,0.0191,100,10,55,100,2.952,45,30,55,24.5,297.2,873,165
10177,C2,0.0188,100,10,55,100,4.06,35,35,61.8,23.8,357,872,165
10268,C2,0.0191,100,10,55,100,6.036,25,40,57.2,24.4,317,982,165
10358,C2,0.0191,100,10,55,100,4.716,35,35,60.7,24.2,300.6,880,165
10451,C2,0.0191,100,10,55,100,3.428,45,30,76.8,22.6,244.8,977,165
10537,C2,0.0191,100,10,55,100,6.728,55,25,54.5,24.5,299,320,165
10637,C2,0.0191,100,10,55,100,4.336,65,20,65.3,23.2,175.4,1304,165
10738,C2,0.0189,100,9.9,55,100,0,75,15,74.7,22.9,366.2,2300,164.9
10829,C2,0.0191,100,10,55,100,2.204,85,10,65.2,23.2,358.8,2180,165
10926,C2,0.0176,90,10,55,200,13.964,85,10,75.7,23.3,598.4,2952,155
11015,C2,0.0176,90,10,55,200,5.86,75,15,73.4,23.4,596.2,2617,155
11101,C2,0.0176,90,10,55,200,6.352,65,20,71.1,23.4,624.59,1967,155
11184,C2,0.0175,90,10,55,200,4.208,55,25,58.9,24.4,606.4,977,155
11273,C2,0.0176,90,10,55,200,5.564,45,30,77.6,23.2,537.8,877,155
11365,C2,0.0172,90,10,55,200,7.532,35,35,66,23.8,630.2,869,155
11458,C2,0.0176,90,10,55,200,9.692,25,40,61.4,23.8,621.4,1091,155
11550,C2,0.0176,90,10,55,200,4.176,35,35,82.9,22.6,625.4,1091,155
11639,C2,0.0176,90,10,55,200,5.48,45,30,66.3,23.4,627.59,866,155
11733,C2,0.0176,90,10,55,200,8.16,55,25,82.8,22.7,573.4,1095,155
11831,C2,0.0176,90,10,55,200,5.564,65,20,67.7,23.4,592.8,1852,155
11930,C2,0.0176,90,10,55,200,5.32,75,15,59.9,24.3,622,2619,155
12022,C2,0.0175,90,10,55,200,5.364,85,10,76.2,23,597.2,2730,155
20435,C2,0.0183,40,10,85,200,4.06,85,10,87,26.8,1025.6,2720,135
20524,C2,0.0183,40,10,85,200,24.452,75,15,77.2,27.3,1013.8,2518,135
20613,C2,0.0183,40,10,85,200,24.356,65,20,95.3,26.3,991.8,2182,135
20695,C2,0.0183,40,10,85,200,6.208,55,25,93.9,26.5,931,1094,135
20783,C2,0.0183,40,10,85,200,29.816,45,30,73.5,27.4,1000.6,651,135
20876,C2,0.0183,40,10,85,200,16.132,35,35,78.8,27,1014.4,983,135
20970,C2,0.0181,40,10,85,200,20.224,25,40,84.7,27.1,753.6,1198,135
21061,C2,0.0183,40,10,85,200,8.484,35,35,99.1,26.2,1049.8,1198,135
21150,C2,0.0183,40,10,85,200,6.628,45,30,89.9,26.5,1048.8,872,135
21244,C2,0.0183,40,10,85,200,8.16,55,25,93.3,26.2,978,1084,135
21345,C2,0.0183,40,10,85,200,5.988,65,20,86.3,27,1018.2,2181,135
21439,C2,0.0183,40,10,85,200,28.544,75,15,93.8,26.5,985.2,2508,135
21533,C2,0.0183,40,10,85,200,4.884,85,10,96.6,26.3,1004.4,2713,135
21624,C2,0.0183,40,10,85,300,38.624,85,10,72.1,27.9,1127.4,2731,135
21713,C2,0.0183,40,10,85,300,41.384,75,15,74.3,27.5,1135,2391,135
21803,C2,0.0183,40,10,85,300,7.176,65,20,96.9,26.2,1128.6,2289,135
21885,C2,0.0183,40,10,85,300,13.632,55,25,93,26.3,1287.4,1177,135
21971,C2,0.0183,40,10,85,300,41.508,45,30,77.3,27.3,1116.4,656,135
22067,C2,0.0181,40,10,85,300,9.812,35,35,93.1,26.3,1301,1081,135
22160,C2,0.0183,40,10,85,300,19.4,25,40,81.1,27.2,1182.8,1316,135
22249,C2,0.0183,40,10,85,300,7.844,35,35,97.3,26.2,1121.4,1104,135
22337,C2,0.0183,40,10,85,300,48.388,45,30,65.9,28.6,1095.4,656,135
22432,C2,0.0183,40,10,85,300,7.896,55,25,75.8,27.1,1139.4,1095,135
22534,C2,0.0183,40,10,85,300,32.748,65,20,77,27.2,1128.8,2183,135
22628,C2,0.0183,40,10,85,300,32.748,75,15,94.5,26.4,1111.19,2506,135
22721,C2,0.0183,40,10,85,300,27.016,85,10,98.3,26.3,1132.19,2619,135
22833,C2,0.0213,40,10,95,400,14.636,75,15,59.2,24.8,805.2,5037,145
22902,C2,0.0212,40,10,95,400,26.556,75,15,77.6,27.4,1500.8,2409,145
22992,C2,0.0211,40,10,95,400,10.204,65,20,88.7,26.9,1517.4,2190,145
23072,C2,0.0211,40,10,95,400,31.72,55,25,78.4,27.1,1469.8,1090,145
23160,C2,0.021,40,10,95,400,10.728,45,30,81.4,27.2,1430.8,772,145
23256,C2,0.0211,40,10,95,400,8.272,35,35,96,26.1,1288.6,1098,145
23348,C2,0.0211,40,10,95,400,22.252,25,40,75.4,27.2,1463.6,1305,145
23437,C2,0.0211,40,10,95,400,37.484,35,35,83.6,26.9,1488.8,990,145
23526,C2,0.0211,40,10,95,400,9.252,45,30,80.5,27.2,1412.2,776,145
23620,C2,0.0211,40,10,95,400,14.036,55,25,93.7,26.3,1315,983,145
23723,C2,0.0211,40,10,95,400,12.544,65,20,93,26.4,1531,2289,145
23817,C2,0.0211,40,10,95,400,8.484,75,15,98.7,26,1455.4,2409,145
23909,C2,0.0211,40,10,95,400,24.452,85,10,85.9,26.7,1516.4,2620,145
24002,C2,0.0211,40,10,95,100,2.112,85,10,79.8,27.2,627.4,2737,145
24089,C2,0.0211,40,10,95,100,5.564,75,15,98.4,26.3,622.59,2290,145
24180,C2,0.0211,40.1,10.1,95,100,2.652,65,20,78.9,27.1,637.2,2184,145.2
24261,C2,0.0211,40,10,95,100,2.368,55,25,94.2,26.4,665.4,1084,145
24348,C2,0.0211,40,10,95,100,16.508,45,30,68.8,28.1,618.59,637,145
24444,C2,0.0211,40,10,95,100,2.604,35,35,79.1,27,631.2,1087,145
24537,C2,0.0211,40,10,95,100,2.724,25,40,99.6,26.1,619.4,1306,145
24627,C2,0.0211,40,10,95,100,5.064,35,35,99.5,26.1,640.2,1094,145
24715,C2,0.0211,40,10,95,100,2.628,45,30,78.8,27.3,622,767,145
24811,C2,0.0211,40,10,95,100,3.236,55,25,76.8,27.3,638.2,1312,145
24910,C2,0.0211,40,10,95,100,11.976,65,20,71.7,27.8,621,2075,145
25004,C2,0.0211,40,10,95,100,12.42,75,15,77.3,27.2,632.8,2404,145
25099,C2,0.0211,40,10,95,100,10.488,85,10,94.7,26.5,621.8,2742,145
25178,C2,0.0335,50,50,95,200,12.984,85,10,60.5,23.2,124.8,1315,195
25266,C2,0.0349,50,50,95,200,7.272,75,15,47.6,24.7,273.79,990,195
25353,C2,0.0354,50,50,95,200,5.32,65,20,60.5,23,372.4,543,195
25445,C2,0.0354,50,50,95,200,7.428,55,25,58.8,23,389.8,546,195
25540,C2,0.0354,50,50,95,200,10.316,45,30,72.3,22.4,200.6,876,195
25631,C2,0.0354,50,50,95,200,6.124,35,35,61.5,22.7,250.2,874,195
25721,C2,0.0354,50,50,95,200,32.244,25,40,59.6,23.5,204.6,772,195
25815,C2,0.035,50,50,95,200,4.028,35,35,66.3,22.5,399.2,1090,195
25906,C2,0.0354,50,50,95,200,13.236,45,30,65.4,22.5,380.6,995,195
25994,C2,0.0354,50,50,95,200,5.1,55,25,60.2,22.9,386.6,639,195
26085,C2,0.0354,50,50,95,200,6.392,65,20,62.4,22.9,382.4,663,195
26181,C2,0.0354,50,50,95,200,10.264,75,15,65.9,22.7,163.6,1102,195
26275,C2,0.0354,50,50,95,200,19.568,85,10,54,23.4,358.4,1431,195
26368,C2,0.035,50,50,95,300,25.532,85,10,58.3,23.6,491.8,1521,195
26456,C2,0.0354,50,50,95,300,21.656,75,15,71.5,22.5,439.6,1204,195
26541,C2,0.0354,50,50,95,300,17.8,65,20,57.8,21.6,501.4,431,195
26633,C2,0.0354,50,50,95,300,6.256,55,25,63.4,22.7,515.8,532,195
26728,C2,0.0355,50,50,95,300,16.568,45,30,56.3,23.7,507.4,991,195
26819,C2,0.0354,50,50,95,300,15.124,35,35,60.8,23,405.4,874,195
26911,C2,0.0355,50.1,50.1,95,300,14.992,25,40,57.1,24,491.6,983,195.2
27004,C2,0.0355,50,50,95,300,6.58,35,35,63.3,22.9,521,1098,195
27095,C2,0.0355,50,50,95,300,0,45,30,67.8,22.7,502.6,972,195
27183,C2,0.0355,50,50,95,300,6.78,55,25,61.8,22.9,517.8,650,195
27273,C2,0.0354,50,50,95,300,20.224,65,20,59.6,23,493.2,426,195
27370,C2,0.0354,50,50,95,300,21.316,75,15,62.6,22.9,504,1100,195
27464,C2,0.0355,50.2,50.2,95,300,25.356,85,10,58.8,23.5,505.2,1414,195.4
27558,C2,0.0355,50,50,95,400,8.696,85,10,76.9,22.2,581.4,1630,195
27646,C2,0.0355,50,50,95,400,0,75,15,74.6,22.2,588.4,1301,195
27730,C2,0.0354,50,50,95,400,21.564,65,20,58.4,21.8,570.2,428,195
27821,C2,0.0354,50,50,95,400,28.256,55,25,58.9,23.3,495.8,441,195
27916,C2,0.0355,50,50,95,400,22.932,45,30,60.6,23.2,592.59,871,195
28009,C2,0.0356,50,50,95,400,10.664,35,35,66.8,22.8,605.4,1101,195
28098,C2,0.0354,50,50,95,400,83.628,25,40,55.5,24.2,496.4,759,195
28192,C2,0.0356,50,50,95,400,11.736,35,35,66.7,22.8,598.4,1096,195
28282,C2,0.0356,50,50,95,400,22.324,45,30,71.5,22.7,514,876,195
28372,C2,0.0355,50,50,95,400,0,55,25,74.9,22.2,595.2,758,195
28461,C2,0.0354,50,50,95,400,21.224,65,20,58,22.2,583.4,441,195
28559,C2,0.0355,50,50,95,400,14.428,75,15,59.1,23.2,588,1192,195
28654,C2,0.0355,50,50,95,400,35.088,85,10,67.4,22.8,552.8,1525,195
28963,C3,0.0606,100,100,55,100,4.92,85,10,63.9,20.7,127.8,1098,255
29052,C3,0.0614,100,100,55,100,2.976,75,15,54.9,20.9,126,876,255
29236,C3,0.0618,100,100,55,100,3.936,55,25,44.3,22.3,129.8,987,255
29329,C3,0.0621,100,100,55,100,5.248,45,30,53.4,21.1,126,1092,255
29418,C3,0.0622,100,100,55,100,6.076,35,35,56.9,20.7,128.2,761,255
29511,C3,0.062,100,100,55,100,2.044,25,40,67.9,20.3,131,1092,255
29603,C3,0.0623,100,100,55,100,2.248,35,35,57.4,20.8,124.6,1094,255
29696,C3,0.0625,100,100,55,100,0,45,30,59,20.9,129.2,1205,255
29784,C3,0.0618,100,100,55,100,3.536,55,25,45.7,22.2,129.8,989,255
29965,C3,0.0624,100,100,55,100,10.664,75,15,56.5,18.8,123.2,653,255
30060,C3,0.0615,100,100,55,100,4.588,85,10,50.6,21.4,130.2,1101,255
30153,C3,0.0589,100,95,55,200,6.58,85,10,54.4,21.2,123.2,1202,250
30240,C3,0.0579,100,95,55,200,7.428,75,15,50.2,21.9,123.2,876,250
30325,C3,0.0579,100,95,55,200,16.868,65,20,65,20,123.2,107,250
30425,C3,0.0579,100,95,55,200,14.092,55,25,65.7,20.8,123.6,982,250
30518,C3,0.0583,100,95,55,200,8.812,45,30,56.2,21.3,124.8,1095,250
30608,C3,0.0581,100,95,55,200,7.736,35,35,54.4,22,123.8,982,250
30699,C3,0.0577,100,95,55,200,6.492,25,40,71.9,20.4,123.2,983,250
30790,C3,0.0582,100,95,55,200,7.844,35,35,54.9,21.4,127.8,874,250
30883,C3,0.0582,100,95,55,200,9.088,45,30,49.4,22.8,123.8,1093,250
30973,C3,0.0573,100,95,55,200,10.092,55,25,46.4,22.3,123.4,876,250
31156,C3,0.0582,100,95,55,200,5.248,75,15,52.6,21.6,124.4,981,250
31251,C3,0.0581,100,95,55,200,13.236,85,10,65,21.1,121.6,1315,250
31341,C3,0.0547,100,90,55,300,24.452,85,10,53.4,22,153.6,1204,245
31430,C3,0.054,100,90,55,300,15.2,75,15,55.8,21.6,149.39,876,245
31514,C3,0.0538,100,90,55,300,85.012,65,20,65,20,128,112,245
31611,C3,0.0532,100,90,55,300,13.236,55,25,61.4,21.4,123.2,659,245
31705,C3,0.054,100,90,55,300,10.156,45,30,70,21,123.2,980,245
31796,C3,0.054,100,90,55,300,14.576,35,35,55.1,22.3,157.8,875,245
31888,C3,0.0534,100,90,55,300,8.048,25,40,65.2,21.2,128.8,875,245
31979,C3,0.0541,100,90,55,300,8.856,35,35,59.3,21.4,217,989,245
32070,C3,0.0541,100,90,55,300,6.256,45,30,62.6,21.2,123.2,876,245
32159,C3,0.054,100,90,55,300,13.892,55,25,47.3,22.4,128.2,652,245
32246,C3,0.0536,100,90,55,300,9.812,65,20,65,20.1,162.39,225,245
32346,C3,0.0543,100,90,55,300,0,75,15,68.1,20.9,235.8,1093,245
32439,C3,0.0541,100,90,55,300,22.324,85,10,68.1,21.1,123.2,1312,245
32532,C3,0.0502,100,85,55,400,17.72,85,10,68.7,21.4,444,1418,240
32619,C3,0.0499,100,85,55,400,14.296,75,15,51.6,22.6,406,872,240
32704,C3,0.0499,100,85,55,400,53.708,65,20,65,20.3,411,221,240
32798,C3,0.0499,100.2,85.2,55,400,10.78,55,25,60.9,21.6,387.8,545,240.4
32893,C3,0.0499,100,85,55,400,17.64,45,30,66.2,21.4,174.2,980,240
32985,C3,0.0504,100,85,55,400,13.892,35,35,55.4,22.6,405.4,986,240
33076,C3,0.0501,100,85,55,400,9.136,25,40,59.2,21.7,287.2,876,240
33168,C3,0.0497,100,85,55,400,12.284,35,35,55.7,22.7,399.8,870,240
33257,C3,0.0501,100,85,55,400,91.352,45,30,55.2,22.4,162.39,769,240
33347,C3,0.05,100,85,55,400,12.736,55,25,60.1,21.7,393.8,552,240
33435,C3,0.05,100.3,85.1,55,400,59.964,65,20,65,20,228.6,216,240.4
33533,C3,0.0499,100,85,55,400,26.004,75,15,49.2,22.9,390.8,875,240
33628,C3,0.0504,100,85,55,400,10.092,85,10,64.3,21.6,414.2,1314,240
33720,C3,0.0478,100,80,55,100,0,85,10,70.7,20.7,129,1422,235
33808,C3,0.0467,100,80,55,100,6.352,75,15,53.6,21.9,131.39,986,235
33892,C3,0.0472,100,80,55,100,4.028,65,20,65.3,20.3,0,217,235
33988,C3,0.0472,100,80,55,100,5.1,55,25,50.7,22.1,129.6,657,235
34084,C3,0.0473,100.1,80,55,100,0,45,30,73,20.7,127.8,1089,235.1
34176,C3,0.0473,100,80,55,100,2.044,35,35,64,21.1,131.39,1203,235
34265,C3,0.0473,100,80,55,100,3.208,25,40,68.4,21,123.4,986,235
34358,C3,0.0474,100,80,55,100,2.432,35,35,67.8,21,124.8,1096,235
34449,C3,0.0467,100,80,55,100,0,45,30,73,20.7,130.2,1094,235
34539,C3,0.0473,100,80,55,100,0,55,25,71.8,20.7,128.2,875,235
34625,C3,0.0473,100,80,55,100,0,65,20,70.9,20.8,125.6,332,235
34722,C3,0.0473,100,80,55,100,5.32,75,15,68.4,20.9,127.4,984,235
34816,C3,0.0471,100,80,55,100,6.728,85,10,62.7,21.5,128.8,1201,235
34908,C3,0.0451,100,75,55,200,6.172,85,10,69.9,21.4,124.8,1309,230
34997,C3,0.0446,100,75,55,200,9.752,75,15,47.6,23.3,123.2,984,230
35082,C3,0.0445,100.3,75.2,55,200,45.244,65,20,64.9,20,127.8,231,230.5
35176,C3,0.0445,100,75,55,200,7.48,55,25,57,21.9,123.2,654,230
35271,C3,0.0447,100,75,55,200,5.608,45,30,52.7,23,130.2,978,230
35363,C3,0.0447,100,75,55,200,8.484,35,35,57.9,21.8,123.2,987,230
35453,C3,0.0441,100,75,55,200,5.064,25,40,62.1,22,123.8,873,230
35547,C3,0.0448,100,75,55,200,5.86,35,35,75.2,20.9,123.4,1088,230
35637,C3,0.0447,100,75,55,200,5.644,45,30,62.3,21.5,126.6,983,230
35725,C3,0.0446,100,75,55,200,8.696,55,25,52.3,22.4,123.2,660,230
35814,C3,0.0441,100,75,55,200,45.376,65,20,64.9,20,124.8,217,230
35911,C3,0.0447,100,75,55,200,7.124,75,15,52.4,22.6,123.2,981,230
36006,C3,0.0447,100,75,55,200,5.528,85,10,63.7,21.7,123.4,1311,230
36098,C3,0.0424,100.2,70.2,55,300,6.58,85,10,69.2,21.8,134.2,1315,225.4
36186,C3,0.0419,100,70,55,300,22.764,75,15,54.9,22.6,388.6,1091,225
36271,C3,0.0419,100,70,55,300,6.124,65,20,64.7,21.8,125.6,334,225
36365,C3,0.042,100,70,55,300,8.048,55,25,52.5,22.8,368.8,545,225
36460,C3,0.0418,99.9,70,55,300,9.196,45,30,71,21.7,149.6,991,224.9
36551,C3,0.0421,100,70,55,300,8.812,35,35,60.4,22,394.4,987,225
36641,C3,0.042,100,70,55,300,47.88,25,40,55.3,23.3,154.2,779,225
36736,C3,0.0423,100,70,55,300,6.828,35,35,75,21.2,394.4,1097,225
36824,C3,0.0414,100,70,55,300,64.656,45,30,36.6,25.2,131.39,776,225
36914,C3,0.042,100,70,55,300,9.86,55,25,52.2,22.8,365.4,545,225
37002,C3,0.042,100,70,55,300,103.264,65,20,64.7,20,146.6,244,225
37101,C3,0.0422,100,70,55,300,21.388,75,15,70,21.6,303,1092,225
37195,C3,0.0419,100,70,55,300,11.552,85,10,68.5,21.9,393.2,1422,225
37285,C3,0.04,100,65,55,400,21.224,85,10,52.5,23.7,483.6,1310,220
37376,C3,0.0396,100,65,55,400,12.544,75,15,73.8,21.7,408.2,1098,220
37462,C3,0.0395,100,65,55,400,14.784,65,20,74.3,21.6,509,546,220
37554,C3,0.0392,100,65,55,400,18.824,55,25,53.6,23,498.4,551,220
37649,C3,0.0396,100,65,55,400,19.484,45,30,72.2,21.8,408.4,987,220
37739,C3,0.0396,100,65,55,400,21.728,35,35,57,22.4,416.4,879,220
37834,C3,0.0399,100,65,55,400,11.316,25,40,75.7,21.4,510.8,1228,220
37922,C3,0.0394,100,65,55,400,22.416,35,35,57.2,22.4,417.6,876,220
38012,C3,0.0396,100,65,55,400,87.088,45,30,38.7,25.1,394.4,763,220
38102,C3,0.0395,100,65,55,400,13.832,55,25,53.5,22.9,494.6,660,220
38192,C3,0.0395,100,65,55,400,13.76,65,20,63.6,22.3,505.4,438,220
38289,C3,0.0396,100,65,55,400,27.4,75,15,63.8,22.3,408.4,1094,220
38384,C3,0.0397,100,65,55,400,0,85,10,57.7,22.8,512.59,1420,220
38473,C3,0.0375,100,60,55,100,3.16,85,10,46.5,24.2,126.4,1205,215
38563,C3,0.0372,100.2,60.2,55,100,4.272,75,15,49,23.5,129.8,983,215.4
38650,C3,0.037,100,60,55,100,2.296,65,20,75.5,21.1,123.4,546,215
38743,C3,0.0372,100,60,55,100,4.784,55,25,66.5,21.8,128.8,653,215
38837,C3,0.0372,100,60,55,100,2.456,45,30,68.9,21.6,127.2,985,215
38929,C3,0.0373,100.2,60,55,100,2.456,35,35,75.9,21.1,131,1092,215.2
39019,C3,0.0371,100,60,55,100,3.132,25,40,68.3,21.7,125.6,877,215
39111,C3,0.0372,100,60,55,100,4.784,35,35,56.9,23,123.4,992,215
39204,C3,0.0372,100,60,55,100,0,45,30,73.8,21.3,123.8,1100,215
39292,C3,0.0372,100,60,55,100,4.304,55,25,55,22.5,128.8,653,215
39381,C3,0.037,100,60,55,100,3.348,65,20,62.9,21,123.2,444,215
39478,C3,0.0372,100,60,55,100,2.48,75,15,68,21.8,127,1092,215
39572,C3,0.0373,100,60,55,100,2.344,85,10,62.8,21.9,125.4,1421,215
39664,C3,0.036,95,60,55,200,10.44,85,10,71.3,22,123.4,1420,210
39753,C3,0.0356,95,60,55,200,14.368,75,15,70.6,21.9,143.8,1095,210
39838,C3,0.0357,95,60,55,200,6.728,65,20,60.9,20.9,199.4,437,210
39932,C3,0.0358,95,60,55,200,10.616,55,25,71.9,21.7,208.6,655,210
40025,C3,0.0358,95,60,55,200,9.86,45,30,53.8,23.5,196.6,986,210
40117,C3,0.0355,95,60,55,200,12.164,35,35,57.1,22.5,258,980,210
40208,C3,0.0357,95,60,55,200,6.172,25,40,56.2,23.4,139,878,210
40300,C3,0.0358,95,60,55,200,10.092,35,35,56.7,22.9,239.4,980,210
40391,C3,0.0358,95,60,55,200,10.78,45,30,72.3,21.9,273.79,990,210
40479,C3,0.0352,95,60,55,200,11.252,55,25,58.3,22.5,270.6,657,210
40569,C3,0.0357,95,60,55,200,6.44,65,20,64.2,22.2,125.6,436,210
40667,C3,0.0358,95,60,55,200,14.24,75,15,64.5,22.3,218.8,1092,210
40762,C3,0.0358,95,60,55,200,10.376,85,10,73.9,21.6,263.79,1419,210
40852,C3,0.034,90,60,55,300,21.816,85,10,73.2,22,394,1424,205
40942,C3,0.0343,90,60,55,300,21.816,75,15,70.3,22.3,471.6,1208,205
41025,C3,0.0342,90,60,55,300,10.44,65,20,61.5,22.6,163.6,326,205
41120,C3,0.0343,90,60,55,300,9.524,55,25,75.1,21.7,457.6,766,205
41214,C3,0.0339,89.9,59.9,55,300,11.736,45,30,74.5,21.9,394.4,986,204.8
41307,C3,0.0344,90,60,55,300,6.304,35,35,75.5,21.7,462.8,1094,205
41397,C3,0.0343,90,60,55,300,9.36,25,40,77,21.8,387.8,987,205
41489,C3,0.0343,90,60,55,300,15.7,35,35,58.2,23.1,451.8,986,205
41580,C3,0.0343,90.2,60.2,55,300,7.628,45,30,64.5,22.3,463.4,981,205.4
41669,C3,0.0342,90,60,55,300,6.352,55,25,74.1,21.7,453.2,651,205
41760,C3,0.0343,90,60,55,300,8.972,65,20,76,21.8,433.6,657,205
41856,C3,0.0343,90,60,55,300,16.272,75,15,59.8,22.6,450.2,1093,205
41950,C3,0.0344,90,60,55,300,20.136,85,10,58.4,22.9,462.4,1420,205
42040,C3,0.0329,85,60,55,400,21.136,85,10,47.4,25.3,466.4,1313,200
42129,C3,0.0329,85,60,55,400,29.124,75,15,51.8,24,538.59,1092,200
42215,C3,0.0328,85,60,55,400,20.224,65,20,59.1,21.9,552.8,439,200
42308,C3,0.0329,85,60,55,400,0,55,25,59.4,22.9,561,661,200
42402,C3,0.0323,85,60,55,400,13.308,45,30,46.7,24.8,484.6,875,200
42495,C3,0.033,85,60,55,400,10.092,35,35,66.5,22.4,567.4,1095,200
42586,C3,0.033,85,60,55,400,16.132,25,40,62.2,22.7,456.6,985,200
42676,C3,0.0329,85,60,55,400,20.644,35,35,51.2,24.3,458.8,870,200
42768,C3,0.0328,85,60,55,400,18.032,45,30,72.5,22.4,490.8,960,200
42857,C3,0.0328,85,60,55,400,18.992,55,25,61.2,22.7,562.8,659,200
42947,C3,0.0329,85,60,55,400,16.428,65,20,62.2,22.9,555.2,525,200
43044,C3,0.0329,85,60,55,400,26.936,75,15,62,22.7,465,1093,200
43137,C3,0.0329,85,60,55,400,22.16,85,10,62.2,23,396,1291,200
43230,C3,0.0315,80,60,55,100,6.172,85,10,70.1,22.1,124.4,1448,195
43318,C3,0.0315,80,60,55,100,7.788,75,15,54.9,23,125.6,1096,195
43403,C3,0.0315,80,60,55,100,3.792,65,20,61.4,21.6,124.8,327,195
43497,C3,0.0315,80,60,55,100,5.364,55,25,52.5,23.1,129.6,660,195
43592,C3,0.0309,80,60,55,100,3.292,45,30,71,22,127,981,195
43686,C3,0.0315,80,60,55,100,0,35,35,68,21.9,123.6,1206,195
43773,C3,0.0315,80,60,55,100,2.112,25,40,59.5,23,126.2,849,195
43868,C3,0.0315,80,60,55,100,0,35,35,77.2,21.5,130.6,1201,195
43957,C3,0.0315,80.2,60.2,55,100,4.716,45,30,69,22.1,128,994,195.4
44046,C3,0.0314,80,60,55,100,5.4,55,25,71.9,21.8,123.2,656,195
44135,C3,0.0315,80,60,55,100,3.132,65,20,65,22.2,124.6,330,195
44232,C3,0.0315,80,60,55,100,7.952,75,15,71.6,21.8,131,1098,195
44329,C3,0.0316,80,60,55,100,0,85,10,73.6,21.9,123.2,1643,195
44418,C3,0.0299,75,60,55,200,16.868,85,10,69.8,22.6,146,1312,190
44507,C3,0.0302,75,60,55,200,13.964,75,15,52.1,23.9,355.6,1068,190
44593,C3,0.0301,75,60,55,200,4.116,65,20,69.3,22.2,264.4,453,190
44686,C3,0.0301,75,60,55,200,6.208,55,25,73.3,22,365.6,632,190
44778,C3,0.0302,75.1,60.2,55,200,28.46,45,30,54.7,23.9,326.6,767,190.3
44873,C3,0.0302,75,60,55,200,6.172,35,35,75,22,388.6,1079,190
44965,C3,0.0302,75,60,55,200,0,25,40,74.1,22.2,393,1087,190
45055,C3,0.0303,75,60,55,200,5.812,35,35,67.7,22.3,395.8,1095,190
45145,C3,0.0302,75,60,55,200,11.136,45,30,74.2,22.2,251.8,983,190
45233,C3,0.0295,75,60,55,200,8.16,55,25,58.4,23,395.4,543,190
45326,C3,0.0301,75,60,55,200,4.336,65,20,76.1,21.8,378.4,653,190
45421,C3,0.0302,75,60,55,200,4.988,75,15,72,22.3,176.8,1095,190
45515,C3,0.0302,75,60,55,200,14.784,85,10,65.8,22.6,123.2,1424,190
45608,C3,0.029,70.1,60.1,55,300,30.62,85,10,57.1,23.6,496.6,1425,185.2
45696,C3,0.0288,70,60,55,300,15.336,75,15,71.4,22.6,431.8,1074,185
45781,C3,0.0288,70,60,55,300,21.476,65,20,60.2,23,511.8,436,185
45872,C3,0.0288,70,60,55,300,23.9,55,25,62.5,22.9,473.6,443,185
45969,C3,0.0289,70,60,55,300,14.092,45,30,75.6,22.3,431.4,990,185
46060,C3,0.0286,70,60,55,300,18.992,35,35,58,23.3,524.2,872,185
46150,C3,0.0288,70,60,55,300,48.9,25,40,51.1,24.4,454.6,772,185
46244,C3,0.0289,70,60,55,300,6.076,35,35,61.8,23,526.2,1107,185
46334,C3,0.0288,70,60,55,300,15.764,45,30,66,22.7,419,872,185
46422,C3,0.0288,70,60,55,300,6.036,55,25,59.2,23.2,522.8,543,185
46514,C3,0.0283,70,60,55,300,19.316,65,20,58.1,22,509.2,520,185
46611,C3,0.0288,70,60,55,300,8.216,75,15,55.2,23.7,521.4,1202,185
46705,C3,0.0289,70,60,55,300,24.26,85,10,50.1,24.9,469.2,1400,185
46796,C3,0.0277,65,60,55,400,44.008,85,10,54.7,24.1,579.8,1424,180
46884,C3,0.0276,65,60,55,400,17.252,75,15,47.7,25.2,538.8,1091,180
46970,C3,0.0274,65,60,55,400,24.528,65,20,60.3,21.2,496.6,436,180
47061,C3,0.0275,65,60,55,400,26.836,55,25,60.4,23.3,527.8,305,180
47158,C3,0.0276,65,60,55,400,23.64,45,30,74.9,22.5,550.4,987,180
47249,C3,0.0276,65,60,55,400,12.42,35,35,63,23.1,629.4,1096,180
47339,C3,0.0276,65.2,60.2,55,400,67.956,25,40,48.8,24.8,549.8,765,180.4
47433,C3,0.0276,65,60,55,400,11.924,35,35,77,22.2,629,1095,180
47523,C3,0.0276,65,60,55,400,22.856,45,30,68.6,22.9,610.4,982,180
47609,C3,0.0275,65,60,55,400,28.356,55,25,53.4,24.7,558.8,329,180
47702,C3,0.0275,65,60,55,400,23.828,65,20,59.5,23.1,608.4,550,180
47799,C3,0.0272,65,60,55,400,12.284,75,15,57.7,23.7,628.2,1100,180
47894,C3,0.0276,65,60,55,400,46.236,85,10,67.6,23,568,1421,180
47984,C3,0.0264,60,60,55,100,9.86,85,10,58.8,23.3,130.2,1313,175
48073,C3,0.0263,60,60,55,100,5.728,75,15,67,22.6,131.39,1092,175
48160,C3,0.0263,60,60,55,100,3.264,65,20,75.6,22,124.4,654,175
48251,C3,0.0258,60,60,55,100,5.064,55,25,63.6,22.6,129,663,175
48346,C3,0.0263,60,60,55,100,8.372,45,30,74.2,21.9,123.4,986,175
48436,C3,0.0263,60,60,55,100,3.936,35,35,63.5,22.5,129.2,767,175
48532,C3,0.0264,60,60,55,100,0,25,40,76.9,21.9,125.2,1203,175
48623,C3,0.0263,60,60,55,100,0,35,35,76,22,125.2,1308,175
48712,C3,0.0257,60,60,55,100,6.44,45,30,69,22.5,130,986,175
48800,C3,0.0263,60,60,55,100,3.704,55,25,57,23.2,131,659,175
48892,C3,0.0263,60,60,55,100,2.272,65,20,73.3,22.1,123.2,652,175
48988,C3,0.0263,60,60,55,100,5.904,75,15,55.6,23.4,125.2,1094,175
49081,C3,0.0263,60,60,55,100,7.576,85,10,59.4,22.8,123.8,1421,175
49175,C3,0.0247,55,60,55,200,6.44,85,10,77.6,22.4,425.6,1641,170
49261,C3,0.0251,55,60,55,200,7.532,75,15,72.2,22.7,374.4,1094,170
49350,C3,0.0251,55,60,55,200,0,65,20,77.5,22.1,452.2,772,170
49437,C3,0.0251,55,60,55,200,15.624,55,25,55.5,23.5,139.2,334,170
49535,C3,0.0252,55,60,55,200,9.36,45,30,70.9,22.7,456.6,983,170
49628,C3,0.0246,55,60,55,200,6.352,35,35,71.1,22.6,479.8,1205,170
49717,C3,0.0252,55,60,55,200,8.812,25,40,74.7,22.4,399.2,985,170
49810,C3,0.0252,55,60,55,200,5.48,35,35,78.2,22.2,454.6,1095,170
49901,C3,0.0252,55,60,55,200,11.5,45,30,75.9,22.3,406.8,986,170
49987,C3,0.0251,55,60,55,200,4.36,55,25,55.5,23.4,442,545,170
50079,C3,0.0248,55,60,55,200,13.376,65,20,69.5,22.6,425.2,542,170
50176,C3,0.0251,55,60,55,200,7.896,75,15,58.2,23.5,458.4,1202,170
50273,C3,0.0251,55,60,55,200,5.064,85,10,65.4,23.3,459.4,1750,170
50361,C3,0.024,50,60,55,300,36.496,85,10,55.2,24.2,399.2,1424,165
50452,C3,0.024,50,60,55,300,8.812,75,15,58,23.8,590.59,1313,165
50538,C3,0.0239,50,60.1,55,300,6.54,65,20,76.8,22.4,583.4,766,165.1
50627,C3,0.0239,50,60,55,300,18.508,55,25,54.2,24.5,554.2,328,165
50722,C3,0.0239,50,60,55,300,16.428,45,30,76.7,22.6,529.2,897,165
50815,C3,0.024,50,60,55,300,11.384,35,35,69.5,22.9,552,877,165
50908,C3,0.024,50,60,55,300,11.252,25,40,83.7,22.2,601.59,1096,165
50998,C3,0.024,50,60,55,300,8.484,35,35,64.6,23.1,600.8,1093,165
51088,C3,0.0239,50,60,55,300,17.8,45,30,66.7,23,587.4,959,165
51182,C3,0.024,50,60,55,300,10.728,55,25,77.9,22.4,601.4,1200,165
51269,C3,0.0239,50,60,55,300,6.828,65,20,63.3,23.3,603,657,165
51365,C3,0.0239,50,60,55,300,9.524,75,15,50.8,25,544.2,1096,165
51462,C3,0.024,50,60,55,300,11.736,85,10,79.4,22.3,556.2,1750,165
51553,C3,0.0227,45,60,55,400,11.856,85,10,60.7,23.9,714.4,1640,160
51641,C3,0.0229,45,60,55,400,17.72,75,15,75.4,22.7,690,1316,160
51724,C3,0.0228,45,60,55,400,30.112,65,20,60.6,23.9,386.6,514,160
51814,C3,0.0228,45,60,55,400,21.048,55,25,58.8,23.7,531.8,322,160
51912,C3,0.0229,45,60,55,400,25.164,45,30,69.9,23.2,684.2,981,160
52005,C3,0.0226,44.9,59.9,55,400,8.316,35,35,73.5,22.9,754.2,1094,159.8
52094,C3,0.0228,45,60,55,400,60.112,25,40,67.8,23.3,632.8,876,160
52186,C3,0.0228,45,60,55,400,14.84,35,35,60,24.4,657.2,875,160
52278,C3,0.0229,45,60,55,400,27.116,45,30,67.3,23.2,684.2,985,160
52368,C3,0.0228,45,60,55,400,58.656,55,25,48.9,24.6,646.59,763,160
52459,C3,0.0228,45,60,55,400,0,65,20,75.9,22.8,739.8,876,160
52555,C3,0.0228,45,60,55,400,23.468,75,15,76.5,22.6,689.2,1314,160
52651,C3,0.0229,45,60,55,400,10.78,85,10,78,22.6,671.2,1750,160
52741,C3,0.0218,40,60,55,100,3.884,85,10,78.5,22.4,155.6,1646,155
52828,C3,0.0217,40,60,55,100,4.116,75,15,63.1,23,131.39,1090,155
52916,C3,0.0217,40,60,55,100,4.492,65,20,59.9,23.2,251.6,866,155
53004,C3,0.0214,39.9,60,55,100,7.48,55,25,62.4,23.1,134.2,440,154.9
53101,C3,0.0217,40,60,55,100,6.628,45,30,76.1,22.4,132.39,983,155
53194,C3,0.0217,40,60,55,100,3.428,35,35,72.1,22.6,268.2,1096,155
53283,C3,0.0217,40,60,55,100,5.904,25,40,61,23.6,240.2,994,155
53376,C3,0.0217,40,60,55,100,2.504,35,35,58.3,23.4,236,1089,155
53466,C3,0.0217,40,60,55,100,5.064,45,30,68.1,22.9,222.4,884,155
53554,C3,0.0214,40,60,55,100,2.068,55,25,60,23.3,268.2,548,155
53647,C3,0.0217,40,60,55,100,4.24,65,20,70.5,22.8,165.6,764,155
53744,C3,0.0217,40,60,55,100,0,75,15,76.2,22.2,244,1417,155
53836,C3,0.0217,40,60,55,100,12.232,85,10,52.9,23.9,171.6,1427,155
53931,C3,0.0207,35,60,55,200,13.504,85,10,71.7,23.1,540,1749,150
54017,C3,0.0206,35,60.1,55,200,15.472,75,15,57.3,24.2,542.4,1203,150.1
54105,C3,0.0206,35,60,55,200,11.976,65,20,64.4,23.3,558,859,150
54193,C3,0.0206,35,60,55,200,12.112,55,25,67.2,23.2,483.6,452,150
54289,C3,0.0207,35,60,55,200,4.848,45,30,61.7,23.8,554.59,984,150
54382,C3,0.0207,35,60,55,200,4.492,35,35,59.8,23.6,545.2,1099,150
54472,C3,0.0207,35,60,55,200,8.596,25,40,66.4,23.5,560.8,983,150
54562,C3,0.0203,34.9,60,55,200,5.86,35,35,70.6,23,509.6,762,149.9
54655,C3,0.0207,35,60,55,200,4.556,45,30,69.8,23.1,539.2,985,150
54742,C3,0.0206,35,60,55,200,4.588,55,25,68.1,22.9,519,530,150
54837,C3,0.0206,35,60,55,200,8.54,65,20,67.6,23.1,558,875,150
54931,C3,0.0206,35,60,55,200,15.052,75,15,66.4,23.2,540,1185,150
55028,C3,0.0207,35,60,55,200,13.632,85,10,66.6,23.1,555.4,1755,150
55117,C3,0.0194,30,60,55,300,65.744,85,10,48.9,25.5,624.4,1521,145
55209,C3,0.0197,30,60,55,300,15.84,75,15,76.7,23,642,1527,145
55294,C3,0.0197,30,60,55,300,24.092,65,20,49.8,25.2,642,870,145
55382,C3,0.0197,30,60,55,300,0,55,25,78.5,22.7,666.4,551,145
55477,C3,0.0197,30,60,55,300,19.896,45,30,64.4,23.6,691,989,145
55568,C3,0.0197,30,60,55,300,19.808,35,35,63.3,23.7,595,882,145
55660,C3,0.0193,30,60,55,300,8.916,25,40,65.7,24,688.6,985,145
55751,C3,0.0197,30,60,55,300,7.272,35,35,68.5,23.3,632.2,873,145
55843,C3,0.0197,30,60,55,300,17.492,45,30,76.6,23.1,700.4,988,145
55929,C3,0.0197,30,60,55,300,15.052,55,25,57.1,24.4,656.8,439,145
56026,C3,0.0197,30,60,55,300,31.936,65,20,67.5,23.8,629,984,145
56122,C3,0.0197,30,60,55,300,37.268,75,15,64.8,24,658.8,1417,145
56218,C3,0.0195,30,60,55,300,14.992,85,10,66,23.5,682.4,1836,145
56313,C3,0.0189,25,60,55,400,11.2,85,10,66.3,23.7,929.6,2298,140
56403,C3,0.0189,25,60,55,400,8.916,75,15,63.7,23.9,927.8,2185,140
56487,C3,0.0189,25,60,55,400,23.828,65,20,55.7,24.6,907,1312,140
56571,C3,0.0189,25,60,55,400,22.416,55,25,62.3,23.9,918.2,551,140
56666,C3,0.0189,25,60,55,400,20.38,45,30,79.3,22.9,856.8,873,140
56759,C3,0.0186,25,60,55,400,9.752,35,35,70.4,23.5,906,1091,140
56851,C3,0.0189,25,60,55,400,12.164,25,40,78,23,929.2,1071,140
56941,C3,0.0189,25,60,55,400,10.156,35,35,73.2,23.2,932.8,1094,140
57031,C3,0.0189,25,60,55,400,17.964,45,30,78.8,22.9,852.2,983,140
57118,C3,0.0189,25,60,55,400,32.352,55,25,53.8,25.3,777,435,140
57218,C3,0.0189,25,60,55,400,60.412,65,20,60.2,24.5,643.4,1415,140
57317,C3,0.0187,24.9,60,55,400,12.284,75,15,57.7,24.4,926.8,2189,139.9
57410,C3,0.0189,25,60,55,400,13.56,85,10,63.7,23.9,927.4,2296,140
71132,C4,0.0634,100.1,100.2,55,200,9.252,85,10,54.4,21.3,123.2,1313,255.3
71218,C4,0.0637,100,100,55,200,8.54,75,15,52.6,21.6,123.2,761,255
71303,C4,0.064,100,100,55,200,27.58,65,20,65.1,20,0,134,255
71403,C4,0.0643,100,100,55,200,14.296,55,25,67.6,20.4,123.6,984,255
71496,C4,0.064,100,100,55,200,10.032,45,30,60.2,21,123.4,1203,255
71586,C4,0.0642,100,100,55,200,12.984,35,35,52.3,21.8,127,991,255
71679,C4,0.0646,100,100,55,200,6.208,25,40,64.4,20.8,123.2,1089,255
71765,C4,0.0636,100,100,55,200,9.644,35,35,57.2,21.2,123.2,877,255
71858,C4,0.0645,100,100,55,200,11.672,45,30,52.2,22.1,123.2,1094,255
71949,C4,0.0643,100,100,55,200,18.592,55,25,66.1,20.4,123.4,965,255
72131,C4,0.064,100,100,55,200,7.22,75,15,54.2,21.7,123.2,871,255
72225,C4,0.0643,100,100,55,200,12.984,85,10,46.6,22.6,125.2,1204,255
72318,C4,0.0609,100,95,55,400,12.6,85,10,68,20.8,329.2,1312,250
72405,C4,0.0588,100,95,55,400,15.2,75,15,61.5,21.4,256,988,250
72587,C4,0.0597,100,95,55,400,20.888,55,25,58.9,21.5,333.8,764,250
72681,C4,0.06,100.2,95.3,55,400,13.892,45,30,68.6,21,386.6,1095,250.5
72771,C4,0.0595,100,95,55,400,24.26,35,35,52.5,22,368.2,856,250
72863,C4,0.0598,100,95,55,400,9.416,25,40,68.6,20.9,201.6,984,250
72953,C4,0.0599,100,95,55,400,10.092,35,35,61.7,21.3,136,879,250
73044,C4,0.0591,100,95,55,400,98.42,45,30,37,24.5,123.2,770,250
73135,C4,0.0598,100,95,55,400,13.76,55,25,60.9,21.4,256.79,771,250
73320,C4,0.0593,100,95,55,400,14.428,75,15,50.4,22.4,348.8,986,250
73415,C4,0.0599,100,95,55,400,25.632,85,10,66.5,21.2,387.8,1285,250
73504,C4,0.0563,100,90,55,600,18.424,85,10,57.5,21.7,411.4,1097,245
73595,C4,0.0555,100,90,55,600,36.612,75,15,52.9,22.4,545.4,995,245
73679,C4,0.0545,100,90,55,600,86.908,65,20,65,20,362.4,220,245
73774,C4,0.0551,100,90,55,600,23.208,55,25,48.6,22.6,516,660,245
73869,C4,0.0556,100,90,55,600,23.828,45,30,67.1,21.4,425.8,981,245
73960,C4,0.0551,100,90,55,600,36.612,35,35,52.3,22.5,531.8,983,245
74051,C4,0.0552,100,90,55,600,24.184,25,40,47.8,23.4,447.4,858,245
74143,C4,0.0553,100,90,55,600,34.452,35,35,51.4,22.4,526,983,245
74234,C4,0.0554,100,90,55,600,25.632,45,30,66.8,21.4,437,987,245
74323,C4,0.0545,100,90,55,600,18.992,55,25,48.3,22.6,522.2,655,245
74411,C4,0.0551,100,90,55,600,69.264,65,20,65,20,407.8,220,245
74508,C4,0.0553,100,90,55,600,26.004,75,15,55.4,22.2,543.8,985,245
74602,C4,0.0551,100,90,55,600,14.5,85,10,46.1,23.7,487.6,1198,245
74694,C4,0.0519,100,85,55,800,29.92,85,10,56.3,22.3,687.8,1310,240
74783,C4,0.0514,100,85,55,800,23.376,75,15,55.4,22.4,699.6,982,240
74870,C4,0.051,100,85,55,800,0,65,20,65.2,21.1,716.4,433,240
74962,C4,0.0501,100,85,55,800,20.976,55,25,51.9,22.6,682.8,555,240
75058,C4,0.0514,100,85,55,800,27.3,45,30,69.8,21.6,739.6,1104,240
75149,C4,0.0515,100,85,55,800,20.052,35,35,54.1,22.5,678.6,985,240
75242,C4,0.0515,100,85,55,800,18.676,25,40,73,21.2,699.4,1091,240
75331,C4,0.0509,100,85,55,800,45.116,35,35,55,22.3,692,988,240
75424,C4,0.0515,100,85,55,800,26.836,45,30,71.2,21.2,619.8,1096,240
75513,C4,0.0512,100,85,55,800,0,55,25,56.9,22.1,704.8,750,240
75600,C4,0.0503,100,85,55,800,197.324,65,20,64.7,20.7,0,220,240
75697,C4,0.0514,100,85,55,800,45.244,75,15,67.8,21.7,595.4,978,240
75793,C4,0.0514,100,85,55,800,0,85,10,55.8,22.4,702.4,1422,240
75882,C4,0.0485,100,80,55,200,13.056,85,10,51,22.8,123.8,1199,235
75972,C4,0.0477,100,80,55,200,13.964,75,15,68.8,21,123.2,985,235
76057,C4,0.0479,100,80,55,200,31.328,65,20,64.8,20,131.39,218,235
76151,C4,0.0479,100,80,55,200,5.528,55,25,56.6,21.8,123.2,658,235
76246,C4,0.048,100.3,80.2,55,200,6.628,45,30,60.3,21.5,124.4,985,235.5
76338,C4,0.048,100,80,55,200,4.848,35,35,73.9,20.8,123.4,1091,235
76429,C4,0.0481,100,80,55,200,9.088,25,40,63,21.5,123.2,985,235
76520,C4,0.0481,100,80,55,200,4.68,35,35,58.2,21.8,125.2,983,235
76610,C4,0.0473,100,80,55,200,40.224,45,30,44.2,24,124.8,770,235
76700,C4,0.0479,100,80,55,200,9.088,55,25,58,21.7,123.6,658,235
76787,C4,0.0479,100,80,55,200,28.356,65,20,65,20,127.2,220,235
76888,C4,0.048,100,80,55,200,0,75,15,63.6,21.6,123.4,1203,235
76980,C4,0.0478,100,80,55,200,10.616,85,10,66.3,21.5,128,1316,235
77072,C4,0.0458,100,75,55,400,14.368,85,10,71.5,21.6,322.6,1308,230
77161,C4,0.0453,100,75,55,400,11.672,75,15,67,21.9,399.2,961,230
77245,C4,0.0451,100,75,55,400,127.14,65,20,63.2,20.5,438.6,328,230
77340,C4,0.0451,100,75,55,400,12.352,55,25,60.7,22,465.8,656,230
77432,C4,0.0452,100,75,55,400,84.124,45,30,38.5,24.9,304.4,764,230
77525,C4,0.0452,100,75,55,400,12.352,35,35,57.7,22.3,473.2,870,230
77615,C4,0.0451,100,75.1,55,400,76.82,25,40,43.4,24.1,380.6,767,230.1
77708,C4,0.0452,100,75,55,400,11.2,35,35,58,22.3,476.8,880,230
77798,C4,0.0452,100,75,55,400,80.864,45,30,52,23.3,282,764,230
77890,C4,0.0453,100,75,55,400,0,55,25,73.5,21.2,465,874,230
77977,C4,0.0446,100,75,55,400,132.772,65,20,65.3,21.8,272.79,325,230
78074,C4,0.0452,100,75,55,400,12.352,75,15,46.6,23.8,400,979,230
78170,C4,0.0453,100,75,55,400,25.356,85,10,58.8,22.1,476.4,1421,230
78261,C4,0.0431,100,70,55,600,21.224,85,10,70.7,22,490,1424,225
78349,C4,0.0422,100,70,55,600,16.728,75,15,47.7,24,555.2,984,225
78433,C4,0.0425,100,70,55,600,194.676,65,20,64.9,20,295.4,221,225
78528,C4,0.0425,100,70,55,600,24.092,55,25,57.7,22.5,610.59,658,225
78623,C4,0.0427,100,70,55,600,24.528,45,30,73.6,21.5,573.59,990,225
78715,C4,0.0424,100,70,55,600,18.424,35,35,57,22.6,605.59,980,225
78803,C4,0.0426,100,70,55,600,126.532,25,40,37.4,24.7,527.8,764,225
78898,C4,0.0428,100,70,55,600,15.472,35,35,59.3,22.4,612.4,1091,225
78987,C4,0.0426,100,70,55,600,112.076,45,30,36.8,25.3,501.2,760,225
79076,C4,0.0423,100,70,55,600,21.908,55,25,56.6,22.6,614.4,549,225
79167,C4,0.0425,100,70,55,600,0,65,20,67.2,21.9,612.2,552,225
79264,C4,0.0426,100,70,55,600,36.38,75,15,64.8,22.2,599.2,1096,225
79359,C4,0.0427,100.2,70.2,55,600,13.76,85,10,59.3,22.4,609,1422,225.4
79449,C4,0.0404,100,65,55,800,30.024,85,10,70.6,21.9,758.2,1417,220
79536,C4,0.04,100,65,55,800,140.944,75,15,50.8,23.9,561.8,876,220
79625,C4,0.04,100,65,55,800,21.98,65,20,66.5,22.2,795,545,220
79716,C4,0.04,100,65.1,55,800,36.056,55,25,68,22.1,751.8,548,220.1
79809,C4,0.0399,100,65,55,800,195.756,45,30,42.4,24.8,590.59,767,220
79904,C4,0.0402,100,65,55,800,18.76,35,35,71.8,21.8,789.2,1090,220
79993,C4,0.0401,100,65,55,800,17.884,25,40,64.6,22.3,591,877,220
80086,C4,0.0401,100.2,65.2,55,800,45.608,35,35,53,24,622.2,875,220.4
80177,C4,0.0401,100,65,55,800,42.46,45,30,51.5,23.7,743,992,220
80266,C4,0.04,100,65,55,800,36.288,55,25,56.9,22.6,787.4,652,220
80356,C4,0.04,100,65,55,800,19.228,65,20,73.9,21.6,794,553,220
80453,C4,0.04,100.2,65.2,55,800,35.848,75,15,57.8,22.8,806,1120,220.4
80545,C4,0.0399,100,65,55,800,26.836,85,10,60.8,22.3,452.8,1199,220
80638,C4,0.0379,100,60,55,200,0,85,10,68,21.8,145.39,1426,215
80727,C4,0.0377,100,60,55,200,4.784,75,15,65.7,22,149.2,1092,215
80810,C4,0.0376,100,60,55,200,5.564,65,20,62.8,20.5,128,324,215
80905,C4,0.0374,100,60,55,200,5.248,55,25,60.1,22.1,185.6,659,215
80999,C4,0.0377,100,60,55,200,7.788,45,30,63.4,21.8,173.6,987,215
81093,C4,0.0378,100,60,55,200,5.444,35,35,68.3,21.6,204.6,1201,215
81182,C4,0.0377,100,60,55,200,8.316,25,40,68.9,21.6,169.2,984,215
81273,C4,0.0375,100,60,55,200,4.952,35,35,59.1,22.7,164.8,876,215
81365,C4,0.0377,100,60,55,200,8.316,45,30,73.8,21.2,142.6,982,215
81454,C4,0.0376,100,60,55,200,10.376,55,25,56.8,22.3,176.8,655,215
81542,C4,0.0376,100,60,55,200,6.44,65,20,65.7,21.9,123.2,433,215
81640,C4,0.0373,100,60,55,200,10.264,75,15,62.2,22.2,143.8,1095,215
81735,C4,0.0376,100,60,55,200,4.988,85,10,54.7,22.9,169.4,1421,215
81825,C4,0.0364,95,60,55,400,12.112,85,10,72.7,21.9,421.8,1419,210
81915,C4,0.0361,95,60,55,400,8.428,75,15,67.1,22.3,431.4,1091,210
82000,C4,0.0354,95,60,55,400,14.368,65,20,68.5,22,404.4,437,210
82093,C4,0.0362,95,60,55,400,17.172,55,25,65,22.2,497.4,657,210
82187,C4,0.0361,95,60,55,400,15.2,45,30,65.6,22.2,405.4,877,210
82279,C4,0.0362,95,60,55,400,18.908,35,35,57.2,23.4,504.8,984,210
82371,C4,0.0356,95,60,55,400,9.032,25,40,64.8,22.2,530.4,982,210
82464,C4,0.0363,95,60,55,400,9.924,35,35,70.6,21.9,528,1104,210
82552,C4,0.0361,95,60,55,400,86.764,45,30,47.5,24.5,419.2,762,210
82641,C4,0.0361,95,60,55,400,18.676,55,25,68.4,22.1,502.8,652,210
82730,C4,0.036,95,60,55,400,130.468,65,20,60.6,21.7,176,328,210
82830,C4,0.0362,95,60,55,400,25.904,75,15,58.2,22.5,523.4,1203,210
82923,C4,0.0362,95,60,55,400,0,85,10,65.4,22.2,515,1421,210
83015,C4,0.0349,90,60,55,600,30.216,85,10,60.6,22.7,640,1422,205
83103,C4,0.0347,90.2,60.1,55,600,16.568,75,15,70.9,22.1,600.8,1092,205.3
83191,C4,0.0345,90,60,55,600,12.668,65,20,70.7,22,684.8,655,205
83281,C4,0.0346,90,60,55,600,27.3,55,25,58.9,22.8,675.2,660,205
83376,C4,0.0347,90,60,55,600,17.8,45,30,67.7,22.4,546.8,875,205
83468,C4,0.0348,90,60,55,600,34.972,35,35,54.4,23,652.2,1092,205
83558,C4,0.0343,90,60,55,600,106.108,25,40,46.1,24.7,574.2,769,205
83650,C4,0.0348,90,60,55,600,21.388,35,35,60.2,22.7,686,987,205
83741,C4,0.0347,90,60,55,600,23.64,45,30,68.1,22.3,560,871,205
83830,C4,0.0346,90,60,55,600,26.18,55,25,55.9,23,665.4,546,205
83922,C4,0.034,90,60,55,600,13.236,65,20,75.5,21.8,671,659,205
84018,C4,0.0347,90,60,55,600,33.708,75,15,60.8,22.5,663.6,1096,205
84111,C4,0.0347,90,60,55,600,50.204,85,10,60.8,22.9,632.2,1423,205
84205,C4,0.0335,85,60,55,800,29.52,85,10,78.1,21.9,934.4,1639,200
84291,C4,0.033,85,60,55,800,22.508,75,15,51.6,24.2,907.6,1092,200
84380,C4,0.0332,85,60,55,800,19.484,65,20,67.5,22.5,992.4,655,200
84470,C4,0.0333,85,60,55,800,34.112,55,25,59.7,22.9,981.8,657,200
84565,C4,0.0333,85,60,55,800,35.848,45,30,73.3,22,857.4,987,200
84658,C4,0.0332,85,60,55,800,24.092,35,35,65,22.6,915.8,1095,200
84749,C4,0.0332,85,60,55,800,25.808,25,40,70.2,22.2,985.4,1094,200
84840,C4,0.0333,85,60,55,800,17.56,35,35,57.5,23.1,974.2,985,200
84931,C4,0.0333,85,60,55,800,29.732,45,30,61.4,22.7,969.6,984,200
85019,C4,0.0332,85,60,55,800,33.484,55,25,56.6,23.2,977.8,655,200
85110,C4,0.0327,85,60,55,800,19.228,65,20,64.2,22.8,984.4,656,200
85206,C4,0.0332,85,60,55,800,48.144,75,15,70,22.5,984.6,1199,200
85300,C4,0.0332,85,60,55,800,37.932,85,10,55.6,23.4,935.8,1417,200
85392,C4,0.032,80,60,55,200,13.236,85,10,69.2,22.2,331.4,1423,195
85481,C4,0.0314,80,60,55,200,13.964,75,15,68.7,22.3,190.6,1095,195
85565,C4,0.0317,80,60,55,200,6.208,65,20,61.8,21,298,332,195
85659,C4,0.0318,80,60,55,200,10.156,55,25,59.6,22.5,347.2,765,195
85754,C4,0.0318,80,60,55,200,10.488,45,30,70.1,22.1,133.39,985,195
85845,C4,0.0318,80,60,55,200,6.628,35,35,63.2,22.3,353.6,1094,195
85934,C4,0.0315,80,60,55,200,33.484,25,40,58.6,23.1,175,780,195
86028,C4,0.0318,80,60,55,200,4.24,35,35,60.3,22.5,352.8,1092,195
86120,C4,0.0318,80,60,55,200,11.252,45,30,60.6,22.5,356,983,195
86208,C4,0.0318,80,60,55,200,10.204,55,25,72.3,21.8,324.6,652,195
86296,C4,0.0313,80,60,55,200,6.352,65,20,64,20.4,149,329,195
86395,C4,0.0318,80,60,55,200,16.808,75,15,66.8,22.3,331.6,1199,195
86489,C4,0.0318,80,60,55,200,10.204,85,10,62,22.2,350.2,1421,195
86580,C4,0.0306,75,60,55,400,24.988,85,10,58.2,23.1,405.4,1312,190
86669,C4,0.0304,75,60,55,400,31.936,75,15,70.9,22.4,512.2,1092,190
86757,C4,0.0303,75,60,55,400,11.856,65,20,68.9,22.2,576.4,660,190
86847,C4,0.0304,75,60,55,400,15.336,55,25,56,23.2,569,550,190
86942,C4,0.0304,75,60,55,400,12.42,45,30,74.5,21.9,531.59,984,190
87036,C4,0.0305,75,60,55,400,9.476,35,35,70.9,22.3,566,1202,190
87123,C4,0.0298,75,60,55,400,67.796,25,40,55.7,23.8,553.4,875,190
87217,C4,0.0305,75,60,55,400,11.924,35,35,66.8,22.5,586.4,1097,190
87307,C4,0.0305,75,60,55,400,11.804,45,30,74.8,22.1,497.6,981,190
87395,C4,0.0304,75,60,55,400,20.136,55,25,60.8,22.8,577.2,551,190
87486,C4,0.0304,75,60,55,400,19.568,65,20,60.2,23,561.4,550,190
87583,C4,0.0303,75,60,55,400,29.92,75,15,63.6,22.7,561.4,1093,190
87677,C4,0.0304,75,60,55,400,23.468,85,10,51.1,24.3,549.59,1311,190
87771,C4,0.0293,70,60,55,600,20.052,85,10,75,22.4,667,1643,185
87858,C4,0.0292,70,60,55,600,28.356,75,15,64.5,22.9,605,1092,185
87943,C4,0.0289,70,60,55,600,35.94,65,20,57.6,22.9,805.2,548,185
88035,C4,0.0291,70,60,55,600,15.548,55,25,63.2,22.8,841.6,546,185
88128,C4,0.0291,70,60,55,600,102.328,45,30,53.9,24.3,592,765,185
88221,C4,0.0291,70,60,55,600,19.316,35,35,59.9,23,658.2,876,185
88312,C4,0.0291,70,60,55,600,116.2,25,40,46.2,25,608.59,877,185
88404,C4,0.0287,70,60,55,600,28.644,35,35,59.9,23.2,847.4,870,185
88496,C4,0.0291,70,60,55,600,26.28,45,30,62.5,22.8,814.2,874,185
88585,C4,0.0291,70,60,55,600,17.252,55,25,74.6,22.1,838,661,185
88675,C4,0.0291,70,60,55,600,33.392,65,20,60.1,23.3,781.6,542,185
88771,C4,0.0291,70,60,55,600,26.36,75,15,70,22.7,616.8,1094,185
88866,C4,0.0291,70,60,55,600,65.12,85,10,59.7,23.4,729,1422,185
88958,C4,0.0279,65,60,55,800,74.5,85,10,59.4,23.8,1005.4,1423,180
89046,C4,0.0278,65,60,55,800,44.88,75,15,50.4,24.8,982.6,1090,180
89132,C4,0.0277,65,60,55,800,44.984,65,20,56.7,22.3,994.2,544,180
89223,C4,0.0277,65.1,60.2,55,800,28.832,55,25,63.6,22.9,982.4,438,180.3
89317,C4,0.0277,65,60,55,800,167.528,45,30,52.3,24.5,616.59,765,180
89409,C4,0.0278,65,60,55,800,45.244,35,35,59.3,23.3,935.2,765,180
89502,C4,0.0278,65,60,55,800,22.6,25,40,57.3,23.9,1017.4,979,180
89595,C4,0.0279,65,60,55,800,21.136,35,35,61.7,23.2,1027.19,1094,180
89684,C4,0.0273,65,60,55,800,24.092,45,30,62.2,23.1,728.8,768,180
89773,C4,0.0278,65,60,55,800,38.84,55,25,62.8,23.1,1030.6,654,180
89863,C4,0.0277,65,60,55,800,33.172,65,20,60.7,23.4,1018.2,436,180
89961,C4,0.0278,65,60,55,800,37.484,75,15,64.6,23.1,1011.6,1205,180
90054,C4,0.0278,65,60,55,800,82.924,85,10,56,23.9,997.2,1424,180
90148,C4,0.0261,60,60,55,200,5.168,85,10,73,22.4,415.4,1532,175
90234,C4,0.0265,60,60,55,200,9.252,75,15,50.5,24.3,399.2,1093,175
90321,C4,0.0265,60,60,55,200,4.336,65,20,73.1,22.1,422,547,175
90414,C4,0.0265,60,60,55,200,5.204,55,25,75.6,21.9,440,764,175
90508,C4,0.0265,60,60,55,200,7.532,45,30,74.4,22.2,323.2,983,175
90600,C4,0.026,60,60,55,200,10.664,35,35,57.6,23.2,436,988,175
90690,C4,0.0265,60,60,55,200,11.736,25,40,56.1,24,410.6,985,175
90781,C4,0.0265,60,60,55,200,8.812,35,35,64.9,22.6,376.2,872,175
90874,C4,0.0265,60,60,55,200,13.504,45,30,64.9,22.5,436,986,175
90962,C4,0.0265,60,60,55,200,6.124,55,25,63.1,22.6,441,655,175
91053,C4,0.026,60,60,55,200,5.364,65,20,62.7,22.9,439.6,660,175
91149,C4,0.0265,60,60,55,200,10.488,75,15,64.2,22.7,276.6,1092,175
91244,C4,0.0265,60,60,55,200,22.324,85,10,50.7,23.9,415.8,1429,175
91335,C4,0.0254,55,60,55,400,37.06,85,10,61,23.6,627.8,1529,170
91424,C4,0.0253,55,60,55,400,14.164,75,15,63.8,23,536.8,1090,170
91509,C4,0.0249,55,60,55,400,27.868,65,20,57.5,22.3,637.2,544,170
91602,C4,0.0253,55,60,55,400,0,55,25,62.2,23,641.2,660,170
91696,C4,0.0253,55,60,55,400,25.632,45,30,50.6,24.7,594.59,875,170
91788,C4,0.0253,55,60,55,400,14.092,35,35,60.7,23.1,640.2,984,170
91881,C4,0.0254,55,60,55,400,0,25,40,74.7,22.6,654.59,1098,170
91973,C4,0.0251,55,60,55,400,8.856,35,35,70.5,22.7,635.8,1203,170
92062,C4,0.0253,55,60,55,400,27.016,45,30,62.6,22.9,632,874,170
92151,C4,0.0253,55,60,55,400,0,55,25,75.8,22.1,638.2,659,170
92240,C4,0.0252,55,60,55,400,27.684,65,20,58,23.5,634.2,437,170
92337,C4,0.0253,55,60,55,400,18.112,75,15,63.4,22.9,536,1094,170
92434,C4,0.025,55,60,55,400,12.232,85,10,69.4,22.7,650.4,1638,170
92524,C4,0.0242,50,60,55,600,73.672,85,10,52.3,24.4,863.8,1535,165
92611,C4,0.0241,50,60,55,600,13.892,75,15,47.5,25.5,713.4,1097,165
92697,C4,0.0241,50,60,55,600,58.656,65,20,58.1,21.6,688.4,434,165
92792,C4,0.0241,50,60,55,600,105.712,55,25,52.6,24.6,773.4,898,165
92885,C4,0.0235,50,60,55,600,34.656,45,30,74.8,22.8,763.4,881,165
92978,C4,0.0242,50,60,55,600,18.112,35,35,74.8,22.7,962.8,1090,165
93067,C4,0.0241,50,60,55,600,107.424,25,40,47.5,25.2,745.6,762,165
93160,C4,0.0241,50,60,55,600,16.212,35,35,67.9,22.9,979.2,1093,165
93250,C4,0.0241,50,60,55,600,31.028,45,30,71.5,23,723.2,877,165
93338,C4,0.0239,50,60,55,600,23.208,55,25,64.7,23.1,977.6,544,165
93429,C4,0.024,50,60,55,600,37.268,65,20,58.2,23.1,928.4,438,165
93526,C4,0.0241,50,60,55,600,17.028,75,15,62.7,23.1,652.4,1095,165
93621,C4,0.0241,50,60,55,600,74.668,85,10,46.8,25.3,837.8,1419,165
93712,C4,0.0231,45,60,55,800,100.656,85,10,55.7,24.4,1037.4,1424,160
93802,C4,0.023,45.1,60.2,55,800,51.552,75,15,63.3,23.3,1059.4,1201,160.3
93886,C4,0.0229,45,60,55,800,86.404,65,20,61.1,21.2,606,438,160
93978,C4,0.0229,45,60,55,800,20.976,55,25,63.5,23.4,1074.4,436,160
94074,C4,0.023,45,60,55,800,30.708,45,30,75,22.7,1034.4,983,160
94167,C4,0.0231,45,60,55,800,25.708,35,35,75.6,22.6,1056.8,1204,160
94257,C4,0.023,45,60,55,800,29.416,25,40,67,23.1,1039.6,1098,160
94349,C4,0.0228,45,60,55,800,16.948,35,35,60.9,23.6,1065.8,1096,160
94438,C4,0.023,45,60,55,800,19.228,45,30,71.1,23.2,1001.4,888,160
94526,C4,0.0229,45,60,55,800,18.992,55,25,72.8,22.9,1046.4,551,160
94617,C4,0.0229,45,60,55,800,53.708,65,20,60.4,23.8,387.8,438,160
94717,C4,0.0229,45,60,55,800,25.356,75,15,73.8,22.6,1040.6,1320,160
94810,C4,0.0225,45,60,55,800,22.764,85,10,51.1,24.6,1037.8,1536,160
94900,C4,0.0219,40,60,55,200,22.672,85,10,45.8,26.1,378.6,1421,155
94989,C4,0.0218,40,60,55,200,7.48,75,15,47.2,25.2,415.6,1099,155
95079,C4,0.0218,40,60,55,200,0,65,20,76.6,22.2,519.8,875,155
95168,C4,0.0218,40,60,55,200,0,55,25,66.7,22.7,531.59,660,155
95262,C4,0.0218,40,60,55,200,10.728,45,30,75.9,22.2,459.2,876,155
95355,C4,0.0218,40,60,55,200,4.116,35,35,60.3,23.4,517.59,1094,155
95445,C4,0.0218,40,60,55,200,7.576,25,40,59.2,23.9,484.6,984,155
95539,C4,0.0218,40,60,55,200,0,35,35,76.5,22.3,524.59,1203,155
95628,C4,0.0218,40,60,55,200,13.112,45,30,65.8,22.8,523.59,873,155
95715,C4,0.0218,40,60,55,200,4.648,55,25,67.5,22.7,481.6,546,155
95809,C4,0.0214,40,60,55,200,10.488,65,20,65.8,23,520.4,766,155
95904,C4,0.0218,40,60,55,200,7.844,75,15,55.8,23.9,516.8,1090,155
96000,C4,0.0218,40,60,55,200,8.484,85,10,70.5,22.7,538.59,1639,155
96092,C4,0.0208,35,60,55,400,20.556,85,10,77.8,22.7,676,1748,150
96179,C4,0.0207,35,60,55,400,30.516,75,15,65.7,23.3,783.4,1307,150
96266,C4,0.0207,35,60,55,400,22.6,65,20,51.4,24.6,733.8,769,150
96354,C4,0.0204,35,60,55,400,23.284,55,25,54.5,24.6,738,326,150
96451,C4,0.0207,35,60,55,400,26.28,45,30,76,22.6,690,878,150
96541,C4,0.0207,35,60,55,400,32.136,35,35,64.7,23.5,666,792,150
96634,C4,0.0207,35,60,55,400,17.492,25,40,79.9,22.5,682,980,150
96726,C4,0.0208,35,60,55,400,10.092,35,35,69.2,23,844,1094,150
96816,C4,0.0207,35,60,55,400,26.556,45,30,76.2,22.7,665.4,984,150
96902,C4,0.0206,35,60,55,400,23.64,55,25,55.5,24.2,782.4,328,150
96998,C4,0.0207,35,60,55,400,25.164,65,20,58,23.7,789.6,871,150
97093,C4,0.0207,35,60,55,400,15.764,75,15,52.9,24.9,729.8,1206,150
97187,C4,0.0208,35,60,55,400,46.868,85,10,45.8,24.9,676,1531,150
97282,C4,0.0198,30,60,55,600,28.072,85,10,57.2,24.7,1011,1861,145
97373,C4,0.0197,29.9,60,55,600,0,75,15,75.2,23.1,1033.6,1859,144.9
97459,C4,0.0197,30,60,55,600,13.504,65,20,66.7,23.2,986.4,1205,145
97542,C4,0.0197,30,60,55,600,28.544,55,25,56,24.5,1011.8,326,145
97640,C4,0.0198,30,60,55,600,28.936,45,30,75.7,22.7,994.6,986,145
97732,C4,0.0198,30,60,55,600,15.2,35,35,66.3,23.4,1030,1096,145
97821,C4,0.0197,30,60,55,600,110.528,25,40,52.9,25,951,767,145
97915,C4,0.0196,29.9,60,55,600,15.624,35,35,61.6,23.6,1027,981,144.9
98005,C4,0.0197,30,60,55,600,30.92,45,30,71.2,23.2,928.4,880,145
98093,C4,0.0197,30,60,55,600,12.164,55,25,63.7,23.6,1018.6,548,145
98190,C4,0.0197,30,60,55,600,16.568,65,20,58.7,24.3,982.6,1203,145
98287,C4,0.0198,30,60,55,600,41.732,75,15,57.4,24.4,1006.4,1746,145
98383,C4,0.0198,30,60,55,600,23.116,85,10,63.3,23.7,1025,2184,145
98479,C4,0.0186,25,60,55,800,30.516,85,10,76.4,23,1104.8,2732,140
98562,C4,0.0189,25,60,55,800,60.412,75,15,56.7,24.4,1100,1987,140
98650,C4,0.0189,25,60,55,800,25.088,65,20,59,24.6,1074.8,1423,140
98735,C4,0.0189,25,60,55,800,36.38,55,25,66.4,23.6,1138.19,765,140
98828,C4,0.0189,25,60,55,800,32.136,45,30,74.6,23.3,1155.4,981,140
98921,C4,0.019,25,60,55,800,27.216,35,35,75.2,23.1,1147.4,1098,140
99011,C4,0.0189,25.1,60.1,55,800,45.868,25,40,65,23.6,1128.4,984,140.2
99104,C4,0.019,25,60,55,800,21.564,35,35,71.5,23.3,1101.8,1098,140
99193,C4,0.0189,25,60,55,800,28.256,45,30,65.5,23.5,1108.4,887,140
99283,C4,0.0189,25,60,55,800,22.672,55,25,63.3,23.9,1129.19,766,140
99383,C4,0.019,25,60,55,800,41.384,65,20,61.4,24.2,1117.6,1537,140
99477,C4,0.019,25,60,55,800,55.22,75,15,59.9,23.9,1036.4,1862,140
